{"cameraMode":{"drawMode":0,"name":"Shaded","section":"Shading Mode"},"sceneLighting":true,"audioPlay":false,"sceneViewState":{"showFog":true,"showMaterialUpdate":false,"showSkybox":true,"showFlares":true,"showImageEffects":true,"showParticleSystems":true},"in2DMode":false,"pivot":{"x":0.30000004172325137,"y":0.5,"z":-2.9802322387695315e-8},"rotation":{"x":-0.09087680280208588,"y":0.8816016912460327,"z":-0.18957431614398957,"w":-0.42260250449180605},"size":1.212497591972351,"orthographic":false}