{"cameraMode":{"drawMode":0,"name":"Shaded","section":"Shading Mode"},"sceneLighting":true,"audioPlay":false,"sceneViewState":{"showFog":true,"showMaterialUpdate":false,"showSkybox":true,"showFlares":true,"showImageEffects":true,"showParticleSystems":true},"in2DMode":false,"pivot":{"x":8.020648002624512,"y":0.6427056193351746,"z":-0.9199516773223877},"rotation":{"x":0.18149101734161378,"y":0.04452899843454361,"z":0.008227895945310593,"w":-0.9823592901229858},"size":1.212497353553772,"orthographic":false}